-- ============================================================
-- 高校公寓管理系统 测试数据脚本
-- 覆盖：sys_user / dorm_building / dorm_room / dorm_bed
--       dorm_checkin_record / dorm_move_apply / dorm_repair
--       dorm_late_return / dorm_visitor
-- 说明：密码均为 123456 的 MD5 加密值
-- ============================================================

USE dormitory_management;
SET NAMES utf8mb4;
SET FOREIGN_KEY_CHECKS = 0;

-- ----------------------------
-- 1. 系统用户表 sys_user
-- ----------------------------
INSERT INTO sys_user (user_id, username, password, real_name, role_type, gender, phone, grade, major, class_name, status) VALUES
    (1, 'admin', 'e10adc3949ba59abbe56e057f20f883e', '系统管理员', 1, 1, '13800000001', NULL, NULL, NULL, 1),
    (2, 'suguan1', 'e10adc3949ba59abbe56e057f20f883e', '张宿管', 2, 2, '13800000002', NULL, NULL, NULL, 1),
    (3, 'suguan2', 'e10adc3949ba59abbe56e057f20f883e', '李宿管', 2, 1, '13800000003', NULL, NULL, NULL, 1),
    (4, '20220001', 'e10adc3949ba59abbe56e057f20f883e', '赵一', 3, 1, '13800000004', '2022级', '计算机科学与技术', '计科2201', 1),
    (5, '20220002', 'e10adc3949ba59abbe56e057f20f883e', '钱二', 3, 2, '13800000005', '2022级', '计算机科学与技术', '计科2201', 1),
    (6, '20220003', 'e10adc3949ba59abbe56e057f20f883e', '孙三', 3, 1, '13800000006', '2022级', '计算机科学与技术', '计科2201', 1),
    (7, '20220004', 'e10adc3949ba59abbe56e057f20f883e', '李四', 3, 2, '13800000007', '2022级', '计算机科学与技术', '计科2201', 1),
    (8, '20220005', 'e10adc3949ba59abbe56e057f20f883e', '周五', 3, 1, '13800000008', '2022级', '软件工程', '软工2201', 1),
    (9, '20220006', 'e10adc3949ba59abbe56e057f20f883e', '吴六', 3, 2, '13800000009', '2022级', '软件工程', '软工2201', 1),
    (10, '20220007', 'e10adc3949ba59abbe56e057f20f883e', '郑七', 3, 1, '13800000010', '2022级', '软件工程', '软工2201', 1),
    (11, '20220008', 'e10adc3949ba59abbe56e057f20f883e', '王八', 3, 2, '13800000011', '2022级', '软件工程', '软工2201', 1),
    (12, '20220009', 'e10adc3949ba59abbe56e057f20f883e', '冯九', 3, 1, '13800000012', '2022级', '网络工程', '网工2201', 1),
    (13, '20220010', 'e10adc3949ba59abbe56e057f20f883e', '陈十', 3, 2, '13800000013', '2022级', '网络工程', '网工2201', 1),
    (14, '20220011', 'e10adc3949ba59abbe56e057f20f883e', '褚十一', 3, 1, '13800000014', '2022级', '网络工程', '网工2201', 1),
    (15, '20220012', 'e10adc3949ba59abbe56e057f20f883e', '卫十二', 3, 2, '13800000015', '2022级', '网络工程', '网工2201', 1),
    (16, '20220013', 'e10adc3949ba59abbe56e057f20f883e', '蒋十三', 3, 1, '13800000016', '2022级', '网络工程', '网工2201', 1),
    (17, '20220014', 'e10adc3949ba59abbe56e057f20f883e', '沈十四', 3, 2, '13800000017', '2022级', '网络工程', '网工2201', 1),
    (18, '20220015', 'e10adc3949ba59abbe56e057f20f883e', '韩十五', 3, 1, '13800000018', '2022级', '计算机科学与技术', '计科2202', 1),
    (19, '20220016', 'e10adc3949ba59abbe56e057f20f883e', '杨十六', 3, 2, '13800000019', '2022级', '计算机科学与技术', '计科2202', 1),
    (20, '20220017', 'e10adc3949ba59abbe56e057f20f883e', '朱十七', 3, 1, '13800000020', '2022级', '计算机科学与技术', '计科2202', 1),
    (21, '20220018', 'e10adc3949ba59abbe56e057f20f883e', '秦十八', 3, 2, '13800000021', '2022级', '计算机科学与技术', '计科2202', 1),
    (22, '20220019', 'e10adc3949ba59abbe56e057f20f883e', '尤十九', 3, 1, '13800000022', '2022级', '软件工程', '软工2202', 1),
    (23, '20220020', 'e10adc3949ba59abbe56e057f20f883e', '许二十', 3, 2, '13800000023', '2022级', '软件工程', '软工2202', 1),
    (24, '20220021', 'e10adc3949ba59abbe56e057f20f883e', '何二十一', 3, 1, '13800000024', '2022级', '软件工程', '软工2202', 1),
    (25, '20220022', 'e10adc3949ba59abbe56e057f20f883e', '吕二十二', 3, 2, '13800000025', '2022级', '软件工程', '软工2202', 1),
    (26, '20220023', 'e10adc3949ba59abbe56e057f20f883e', '施二十三', 3, 1, '13800000026', '2022级', '网络工程', '网工2202', 1),
    (27, '20220024', 'e10adc3949ba59abbe56e057f20f883e', '张二十四', 3, 2, '13800000027', '2022级', '网络工程', '网工2202', 1),
    (28, '20220025', 'e10adc3949ba59abbe56e057f20f883e', '孔二十五', 3, 1, '13800000028', '2022级', '网络工程', '网工2202', 1),
    (29, '20220026', 'e10adc3949ba59abbe56e057f20f883e', '曹二十六', 3, 2, '13800000029', '2022级', '网络工程', '网工2202', 1),
    (30, '20220027', 'e10adc3949ba59abbe56e057f20f883e', '严二十七', 3, 1, '13800000030', '2022级', '网络工程', '网工2202', 1),
    (31, '20220028', 'e10adc3949ba59abbe56e057f20f883e', '华二十八', 3, 2, '13800000031', '2022级', '网络工程', '网工2202', 1),
    (32, '20220029', 'e10adc3949ba59abbe56e057f20f883e', '金二十九', 3, 1, '13800000032', '2022级', '软件工程', '软工2202', 1),
    (33, '20220030', 'e10adc3949ba59abbe56e057f20f883e', '魏三十', 3, 2, '13800000033', '2022级', '软件工程', '软工2202', 1);

-- ----------------------------
-- 2. 楼栋表 dorm_building
-- ----------------------------
INSERT INTO dorm_building (building_id, building_no, building_name, floor_count, area, manager_id, remark) VALUES
    (1, 'B1', '1号公寓', 5, '东区', 2, '主要负责东区管理'),
    (2, 'B2', '2号公寓', 5, '西区', 3, '主要负责西区管理'),
    (3, 'B3', '3号公寓', 5, '南区', 2, '由宿管张代管');

-- ----------------------------
-- 3. 房间表 dorm_room
-- 每栋楼 5 层，每层 2 个房间，共 30 间
-- ----------------------------
INSERT INTO dorm_room (room_id, room_no, building_id, floor_num, bed_total, room_type, remark) VALUES
-- 1号楼
(1, '101', 1, 1, 4, 1, '靠近楼梯'),
(2, '102', 1, 1, 4, 1, '阴面'),
(3, '201', 1, 2, 4, 1, '阳面'),
(4, '202', 1, 2, 4, 1, NULL),
(5, '301', 1, 3, 4, 1, NULL),
(6, '302', 1, 3, 4, 1, NULL),
(7, '401', 1, 4, 4, 1, '顶楼凉爽'),
(8, '402', 1, 4, 4, 1, NULL),
(9, '501', 1, 5, 4, 1, '最高层'),
(10, '502', 1, 5, 4, 1, NULL),
-- 2号楼
(11, '101', 2, 1, 4, 1, '一楼方便'),
(12, '102', 2, 1, 4, 1, NULL),
(13, '201', 2, 2, 4, 1, NULL),
(14, '202', 2, 2, 4, 1, NULL),
(15, '301', 2, 3, 4, 1, NULL),
(16, '302', 2, 3, 4, 1, NULL),
(17, '401', 2, 4, 4, 1, NULL),
(18, '402', 2, 4, 4, 1, NULL),
(19, '501', 2, 5, 4, 1, NULL),
(20, '502', 2, 5, 4, 1, NULL),
-- 3号楼
(21, '101', 3, 1, 4, 1, '新装修'),
(22, '102', 3, 1, 4, 1, NULL),
(23, '201', 3, 2, 4, 1, NULL),
(24, '202', 3, 2, 4, 1, NULL),
(25, '301', 3, 3, 4, 1, NULL),
(26, '302', 3, 3, 4, 1, NULL),
(27, '401', 3, 4, 4, 1, NULL),
(28, '402', 3, 4, 4, 1, NULL),
(29, '501', 3, 5, 4, 1, NULL),
(30, '502', 3, 5, 4, 1, NULL);

-- ----------------------------
-- 4. 床位表 dorm_bed
-- 每房间 4 张床，共计 120 张床
-- ----------------------------
INSERT INTO dorm_bed (bed_id, bed_no, room_id, bed_status, remark) VALUES
-- 房间1 (room_id=1)
(1, '1', 1, 0, NULL), (2, '2', 1, 0, NULL), (3, '3', 1, 0, NULL), (4, '4', 1, 0, NULL),
-- 房间2 (room_id=2)
(5, '1', 2, 0, NULL), (6, '2', 2, 0, NULL), (7, '3', 2, 0, NULL), (8, '4', 2, 0, NULL),
-- 房间3 (room_id=3)
(9, '1', 3, 0, NULL), (10, '2', 3, 0, NULL), (11, '3', 3, 0, NULL), (12, '4', 3, 0, NULL),
-- 房间4 (room_id=4)
(13, '1', 4, 0, NULL), (14, '2', 4, 0, NULL), (15, '3', 4, 0, NULL), (16, '4', 4, 0, NULL),
-- 房间5 (room_id=5)
(17, '1', 5, 0, NULL), (18, '2', 5, 0, NULL), (19, '3', 5, 0, NULL), (20, '4', 5, 0, NULL),
-- 房间6 (room_id=6)
(21, '1', 6, 0, NULL), (22, '2', 6, 0, NULL), (23, '3', 6, 0, NULL), (24, '4', 6, 0, NULL),
-- 房间7 (room_id=7)
(25, '1', 7, 0, NULL), (26, '2', 7, 0, NULL), (27, '3', 7, 0, NULL), (28, '4', 7, 0, NULL),
-- 房间8 (room_id=8)
(29, '1', 8, 0, NULL), (30, '2', 8, 0, NULL), (31, '3', 8, 0, NULL), (32, '4', 8, 0, NULL),
-- 房间9 (room_id=9)
(33, '1', 9, 0, NULL), (34, '2', 9, 0, NULL), (35, '3', 9, 0, NULL), (36, '4', 9, 0, NULL),
-- 房间10 (room_id=10)
(37, '1', 10, 0, NULL), (38, '2', 10, 0, NULL), (39, '3', 10, 0, NULL), (40, '4', 10, 0, NULL),

-- 2号楼
-- 房间11 (room_id=11)
(41, '1', 11, 0, NULL), (42, '2', 11, 0, NULL), (43, '3', 11, 0, NULL), (44, '4', 11, 0, NULL),
-- 房间12 (room_id=12)
(45, '1', 12, 0, NULL), (46, '2', 12, 0, NULL), (47, '3', 12, 0, NULL), (48, '4', 12, 0, NULL),
-- 房间13 (room_id=13)
(49, '1', 13, 0, NULL), (50, '2', 13, 0, NULL), (51, '3', 13, 0, NULL), (52, '4', 13, 0, NULL),
-- 房间14 (room_id=14)
(53, '1', 14, 0, NULL), (54, '2', 14, 0, NULL), (55, '3', 14, 0, NULL), (56, '4', 14, 0, NULL),
-- 房间15 (room_id=15)
(57, '1', 15, 0, NULL), (58, '2', 15, 0, NULL), (59, '3', 15, 0, NULL), (60, '4', 15, 0, NULL),
-- 房间16 (room_id=16)
(61, '1', 16, 0, NULL), (62, '2', 16, 0, NULL), (63, '3', 16, 0, NULL), (64, '4', 16, 0, NULL),
-- 房间17 (room_id=17)
(65, '1', 17, 0, NULL), (66, '2', 17, 0, NULL), (67, '3', 17, 0, NULL), (68, '4', 17, 0, NULL),
-- 房间18 (room_id=18)
(69, '1', 18, 0, NULL), (70, '2', 18, 0, NULL), (71, '3', 18, 0, NULL), (72, '4', 18, 0, NULL),
-- 房间19 (room_id=19)
(73, '1', 19, 0, NULL), (74, '2', 19, 0, NULL), (75, '3', 19, 0, NULL), (76, '4', 19, 0, NULL),
-- 房间20 (room_id=20)
(77, '1', 20, 0, NULL), (78, '2', 20, 0, NULL), (79, '3', 20, 0, NULL), (80, '4', 20, 0, NULL),

-- 3号楼
-- 房间21 (room_id=21)
(81, '1', 21, 0, NULL), (82, '2', 21, 0, NULL), (83, '3', 21, 0, NULL), (84, '4', 21, 0, NULL),
-- 房间22 (room_id=22)
(85, '1', 22, 0, NULL), (86, '2', 22, 0, NULL), (87, '3', 22, 0, NULL), (88, '4', 22, 0, NULL),
-- 房间23 (room_id=23)
(89, '1', 23, 0, NULL), (90, '2', 23, 0, NULL), (91, '3', 23, 0, NULL), (92, '4', 23, 0, NULL),
-- 房间24 (room_id=24)
(93, '1', 24, 0, NULL), (94, '2', 24, 0, NULL), (95, '3', 24, 0, NULL), (96, '4', 24, 0, NULL),
-- 房间25 (room_id=25)
(97, '1', 25, 0, NULL), (98, '2', 25, 0, NULL), (99, '3', 25, 0, NULL), (100, '4', 25, 0, NULL),
-- 房间26 (room_id=26)
(101, '1', 26, 0, NULL), (102, '2', 26, 0, NULL), (103, '3', 26, 0, NULL), (104, '4', 26, 0, NULL),
-- 房间27 (room_id=27)
(105, '1', 27, 0, NULL), (106, '2', 27, 0, NULL), (107, '3', 27, 0, NULL), (108, '4', 27, 0, NULL),
-- 房间28 (room_id=28)
(109, '1', 28, 0, NULL), (110, '2', 28, 0, NULL), (111, '3', 28, 0, NULL), (112, '4', 28, 0, NULL),
-- 房间29 (room_id=29)
(113, '1', 29, 0, NULL), (114, '2', 29, 0, NULL), (115, '3', 29, 0, NULL), (116, '4', 29, 0, NULL),
-- 房间30 (room_id=30)
(117, '1', 30, 0, NULL), (118, '2', 30, 0, NULL), (119, '3', 30, 0, NULL), (120, '4', 30, 0, NULL);

-- ----------------------------
-- 5. 入住记录表 dorm_checkin_record (原始30人)
-- 然后更新床位状态
-- ----------------------------
INSERT INTO dorm_checkin_record (checkin_id, student_id, bed_id, checkin_time, checkout_time, checkin_status, operator_id, remark) VALUES
    (1, 4, 1, '2024-09-01 10:00:00', NULL, 1, 1, '正常入住'),
    (2, 5, 2, '2024-09-01 10:00:00', NULL, 1, 1, NULL),
    (3, 6, 3, '2024-09-01 10:00:00', NULL, 1, 1, NULL),
    (4, 7, 4, '2024-09-01 10:00:00', NULL, 1, 1, NULL),
    (5, 8, 5, '2024-09-01 10:00:00', NULL, 1, 1, NULL),
    (6, 9, 6, '2024-09-01 10:00:00', NULL, 1, 1, NULL),
    (7, 10, 7, '2024-09-01 10:00:00', NULL, 1, 1, NULL),
    (8, 11, 8, '2024-09-01 10:00:00', NULL, 1, 1, NULL),
    (9, 12, 9, '2024-09-01 10:00:00', NULL, 1, 1, NULL),
    (10, 13, 10, '2024-09-01 10:00:00', NULL, 1, 1, NULL),
    (11, 14, 13, '2024-09-01 10:00:00', NULL, 1, 1, NULL),
    (12, 15, 14, '2024-09-01 10:00:00', NULL, 1, 1, NULL),
    (13, 16, 15, '2024-09-01 10:00:00', NULL, 1, 1, NULL),
    (14, 17, 16, '2024-09-01 10:00:00', NULL, 1, 1, NULL),
    (15, 18, 41, '2024-09-01 10:00:00', NULL, 1, 1, NULL),
    (16, 19, 42, '2024-09-01 10:00:00', NULL, 1, 1, NULL),
    (17, 20, 43, '2024-09-01 10:00:00', NULL, 1, 1, NULL),
    (18, 21, 44, '2024-09-01 10:00:00', NULL, 1, 1, NULL),
    (19, 22, 45, '2024-09-01 10:00:00', NULL, 1, 1, NULL),
    (20, 23, 46, '2024-09-01 10:00:00', NULL, 1, 1, NULL),
    (21, 24, 47, '2024-09-01 10:00:00', NULL, 1, 1, NULL),
    (22, 25, 48, '2024-09-01 10:00:00', NULL, 1, 1, NULL),
    (23, 26, 49, '2024-09-01 10:00:00', NULL, 1, 1, NULL),
    (24, 27, 50, '2024-09-01 10:00:00', NULL, 1, 1, NULL),
    (25, 28, 81, '2024-09-01 10:00:00', NULL, 1, 1, NULL),
    (26, 29, 82, '2024-09-01 10:00:00', NULL, 1, 1, NULL),
    (27, 30, 83, '2024-09-01 10:00:00', NULL, 1, 1, NULL),
    (28, 31, 84, '2024-09-01 10:00:00', NULL, 1, 1, NULL),
    (29, 32, 85, '2024-09-01 10:00:00', NULL, 1, 1, NULL),
    (30, 33, 86, '2024-09-01 10:00:00', NULL, 1, 1, NULL);

-- 根据入住记录更新床位状态为“已入住”
UPDATE dorm_bed SET bed_status = 1 WHERE bed_id IN (1,2,3,4,5,6,7,8,9,10,13,14,15,16,41,42,43,44,45,46,47,48,49,50,81,82,83,84,85,86);

-- ----------------------------
-- 6. 调宿申请表 dorm_move_apply (含已通过操作)
-- 先插入申请记录，再执行通过后的联动更新
-- ----------------------------
INSERT INTO dorm_move_apply (apply_id, student_id, original_bed_id, target_bed_id, apply_reason, apply_time, audit_status, auditor_id, audit_time, audit_opinion, remark) VALUES
    (1, 12, 9, 11, '想换到同房间靠窗床位', '2024-10-10 12:00:00', 0, NULL, NULL, NULL, NULL),
    (2, 26, 49, 51, '与舍友作息不一致', '2024-10-11 14:00:00', 1, 2, '2024-10-12 09:00:00', '同意调换，已安排', NULL),
    (3, 32, 85, 87, '身体原因需下铺', '2024-10-15 10:00:00', 2, 3, '2024-10-16 10:00:00', '证明材料不足，暂缓', '需要提供医院证明'),
    (4, 8, 5, 12, '想住阳面房间', '2024-10-20 16:00:00', 0, NULL, NULL, NULL, NULL),
    (5, 18, 41, 52, '与同班同学就近', '2024-10-22 08:00:00', 1, 2, '2024-10-23 09:00:00', '批准调宿', NULL);

-- 调宿申请2 (apply_id=2)：学生26 从 bed=49 换到 bed=51
-- 更新原入住记录为已退宿
UPDATE dorm_checkin_record SET checkin_status = 2, checkout_time = '2024-10-12 09:00:00', update_time = NOW()
WHERE student_id = 26 AND checkin_status = 1;
-- 插入新入住记录
INSERT INTO dorm_checkin_record (checkin_id, student_id, bed_id, checkin_time, checkout_time, checkin_status, operator_id, remark) VALUES
    (31, 26, 51, '2024-10-12 09:00:00', NULL, 1, 2, '调宿迁入');
-- 更新床位状态：原床位置为空闲，目标床位置为已入住
UPDATE dorm_bed SET bed_status = 0 WHERE bed_id = 49;
UPDATE dorm_bed SET bed_status = 1 WHERE bed_id = 51;

-- 调宿申请5 (apply_id=5)：学生18 从 bed=41 换到 bed=52
UPDATE dorm_checkin_record SET checkin_status = 2, checkout_time = '2024-10-23 09:00:00', update_time = NOW()
WHERE student_id = 18 AND checkin_status = 1;
INSERT INTO dorm_checkin_record (checkin_id, student_id, bed_id, checkin_time, checkout_time, checkin_status, operator_id, remark) VALUES
    (32, 18, 52, '2024-10-23 09:00:00', NULL, 1, 2, '调宿迁入');
UPDATE dorm_bed SET bed_status = 0 WHERE bed_id = 41;
UPDATE dorm_bed SET bed_status = 1 WHERE bed_id = 52;

-- ----------------------------
-- 7. 报修表 dorm_repair
-- ----------------------------
INSERT INTO dorm_repair (repair_id, student_id, room_id, repair_type, repair_content, contact_phone, submit_time, repair_status, handler_id, handle_result, finish_time, remark) VALUES
    (1, 4, 1, 1, '水龙头漏水严重，无法关闭', '13800000004', '2024-10-05 10:30:00', 2, 2, '更换水龙头密封垫，已修好', '2024-10-06 15:00:00', NULL),
    (2, 10, 2, 2, '书桌抽屉断裂', '13800000010', '2024-10-10 16:00:00', 1, 2, NULL, NULL, '已购买零件，等待维修'),
    (3, 22, 12, 3, '卫生间窗户把手脱落', '13800000022', '2024-10-15 09:00:00', 0, NULL, NULL, NULL, NULL),
    (4, 28, 21, 4, '空调制冷效果差，可能缺氟', '13800000028', '2024-10-20 14:00:00', 2, 3, '已联系售后加氟，恢复制冷', '2024-10-22 11:00:00', NULL),
    (5, 15, 4, 1, '日光灯闪烁，有时不亮', '13800000015', '2024-10-25 18:30:00', 0, NULL, NULL, NULL, NULL);

-- ----------------------------
-- 8. 晚归记录表 dorm_late_return
-- ----------------------------
INSERT INTO dorm_late_return (record_id, student_id, building_id, late_time, late_reason, registrar_id, record_time, remark) VALUES
    (1, 7, 1, '2024-10-15 23:30:00', '实验室项目加班', 2, '2024-10-15 23:35:00', NULL),
    (2, 20, 2, '2024-10-20 23:45:00', '同学聚会', 3, '2024-10-20 23:50:00', NULL),
    (3, 23, 2, '2024-11-01 00:10:00', NULL, 3, '2024-11-01 00:15:00', '未说明具体原因'),
    (4, 29, 3, '2024-11-05 23:50:00', '图书馆复习晚归', 2, '2024-11-05 23:55:00', NULL),
    (5, 13, 1, '2024-11-10 23:55:00', '参加学术会议返程', 2, '2024-11-10 23:58:00', NULL);

-- ----------------------------
-- 9. 访客记录表 dorm_visitor
-- ----------------------------
INSERT INTO dorm_visitor (visitor_id, visitor_name, id_card, student_id, building_id, visit_time, leave_time, visit_reason, registrar_id, remark) VALUES
    (1, '张三', '110101199001010001', 4, 1, '2024-10-10 14:00:00', '2024-10-10 17:00:00', '家长探访', 2, NULL),
    (2, '李四', '110101199002020002', 20, 2, '2024-10-15 10:00:00', NULL, '朋友来访', 3, '计划留宿，已拒绝'),
    (3, '王五', '110101199003030003', 28, 3, '2024-11-01 16:00:00', '2024-11-01 18:30:00', '讨论竞赛', 2, NULL),
    (4, '赵六', '110101199004040004', 12, 1, '2024-11-05 09:00:00', NULL, '维修电脑', 2, '已登记，当日未离开'),
    (5, '孙七', '110101199005050005', 25, 2, '2024-11-10 13:00:00', '2024-11-10 15:00:00', '送学习资料', 3, NULL);

SET FOREIGN_KEY_CHECKS = 1;
-- ======================= 脚本结束 =======================